{"unstructured": {"total": 52.0, "overall": 48.566153846153846, "winners": 22.566153846153846, "awards": 26.0}, "total": 78.0, "structured": {"total": 26, "winners": 25, "overall": 25}, "overall": 73.56615384615384}